rho,capacity,quantizer,policy,arrival_scheduling_mode,n,mean_slope,sd_slope,median_slope,q25_slope,q75_slope,bootstrap_ci95_low,bootstrap_ci95_high
0.5,1,ceiling,arrival_first,preload_all,30,1.0206261027664547,0.18653881999089778,1.0002887154244506,0.8774136510609702,1.1399384646317254,0.9561934311745908,1.0871134939007516
0.5,1,ceiling,arrival_first,schedule_next_after_transition,30,1.0206261027664547,0.18653881999089778,1.0002887154244506,0.8774136510609702,1.1399384646317254,0.9561934311745908,1.0871134939007516
0.5,1,ceiling,departure_first,preload_all,30,1.0209060297406378,0.18694377434309012,1.000212342183375,0.8773319066848873,1.1398192540698686,0.9563407562733818,1.0875121489470914
0.5,1,ceiling,departure_first,schedule_next_after_transition,30,1.0209060297406378,0.18694377434309012,1.000212342183375,0.8773319066848873,1.1398192540698686,0.9563407562733818,1.0875121489470914
0.5,1,floor,arrival_first,preload_all,30,0.9578821345505754,0.1119164256133006,0.9463428993081413,0.8726631968673675,1.0556383028188268,0.9182044959427916,0.9973618515489608
0.5,1,floor,arrival_first,schedule_next_after_transition,30,0.9578821345505754,0.1119164256133006,0.9463428993081413,0.8726631968673675,1.0556383028188268,0.9182044959427916,0.9973618515489608
0.5,1,floor,departure_first,preload_all,30,0.9578442963201247,0.11194288007231827,0.9462651606436413,0.8726055580426455,1.0553589825914869,0.9182062013716484,0.9973508789522997
0.5,1,floor,departure_first,schedule_next_after_transition,30,0.9578442963201247,0.11194288007231827,0.9462651606436413,0.8726055580426455,1.0553589825914869,0.9182062013716484,0.9973508789522997
0.5,1,nearest,arrival_first,preload_all,30,0.9625539506180979,0.14411408909483897,0.9298940846137951,0.8721263818550893,1.0518601647844035,0.9125841529696914,1.014182000862583
0.5,1,nearest,arrival_first,schedule_next_after_transition,30,0.9625539506180979,0.14411408909483897,0.9298940846137951,0.8721263818550893,1.0518601647844035,0.9125841529696914,1.014182000862583
0.5,1,nearest,departure_first,preload_all,30,0.9626208782591358,0.14405897970448284,0.9298203422572748,0.872025890995316,1.0517785142012095,0.912680372207161,1.0142276019384404
0.5,1,nearest,departure_first,schedule_next_after_transition,30,0.9626208782591358,0.14405897970448284,0.9298203422572748,0.872025890995316,1.0517785142012095,0.912680372207161,1.0142276019384404
0.5,4,ceiling,arrival_first,preload_all,30,0.9830957169031829,0.16044925851436373,0.9702627138323077,0.8619756970749592,1.0308878991880543,0.9288176660335766,1.041131126467586
0.5,4,ceiling,arrival_first,schedule_next_after_transition,30,0.9830957169031829,0.16044925851436373,0.9702627138323077,0.8619756970749592,1.0308878991880543,0.9288176660335766,1.041131126467586
0.5,4,ceiling,departure_first,preload_all,30,0.9830211422284258,0.16041080166962776,0.9702596536683336,0.8619707135807049,1.0308848376413229,0.9287631325022611,1.041007338133513
0.5,4,ceiling,departure_first,schedule_next_after_transition,30,0.9830211422284258,0.16041080166962776,0.9702596536683336,0.8619707135807049,1.0308848376413229,0.9287631325022611,1.041007338133513
0.5,4,floor,arrival_first,preload_all,30,0.9907764440734927,0.10376341644091826,0.9796735638094096,0.9166079224427766,1.0607007002294484,0.9549760948469029,1.0283023022559015
0.5,4,floor,arrival_first,schedule_next_after_transition,30,0.9907764440734927,0.10376341644091826,0.9796735638094096,0.9166079224427766,1.0607007002294484,0.9549760948469029,1.0283023022559015
0.5,4,floor,departure_first,preload_all,30,0.9908541554218296,0.10375513301317667,0.9796628966329062,0.9172729854872569,1.0606934666432004,0.9550415739064484,1.0283503175349773
0.5,4,floor,departure_first,schedule_next_after_transition,30,0.9908541554218296,0.10375513301317667,0.9796628966329062,0.9172729854872569,1.0606934666432004,0.9550415739064484,1.0283503175349773
0.5,4,nearest,arrival_first,preload_all,30,0.9777141301139104,0.14625606793686366,0.9484269436438735,0.8479540829370023,1.0954539298339352,0.9273181504616906,1.0305470340677072
0.5,4,nearest,arrival_first,schedule_next_after_transition,30,0.9777141301139104,0.14625606793686366,0.9484269436438735,0.8479540829370023,1.0954539298339352,0.9273181504616906,1.0305470340677072
0.5,4,nearest,departure_first,preload_all,30,0.9777396790222396,0.14623244816803685,0.9484246837350014,0.8479487820541394,1.0954486354937416,0.9274041709007816,1.0305720499048436
0.5,4,nearest,departure_first,schedule_next_after_transition,30,0.9777396790222396,0.14623244816803685,0.9484246837350014,0.8479487820541394,1.0954486354937416,0.9274041709007816,1.0305720499048436
0.5,8,ceiling,arrival_first,preload_all,30,0.965786851709565,0.1476433599211942,0.9510648434280728,0.8566350710458606,1.0415266514700008,0.9167574945576105,1.020757678451512
0.5,8,ceiling,arrival_first,schedule_next_after_transition,30,0.965786851709565,0.1476433599211942,0.9510648434280728,0.8566350710458606,1.0415266514700008,0.9167574945576105,1.020757678451512
0.5,8,ceiling,departure_first,preload_all,30,0.9657866955350864,0.1476433513061112,0.9510648434280728,0.8566350710458606,1.0415266514700008,0.9167572980644002,1.0207574103351724
0.5,8,ceiling,departure_first,schedule_next_after_transition,30,0.9657866955350864,0.1476433513061112,0.9510648434280728,0.8566350710458606,1.0415266514700008,0.9167572980644002,1.0207574103351724
0.5,8,floor,arrival_first,preload_all,30,0.9834906966652147,0.09106615459121709,0.9705865765054844,0.9203900658460196,1.0496081105562387,0.951978499156869,1.016068926784379
0.5,8,floor,arrival_first,schedule_next_after_transition,30,0.9834906966652147,0.09106615459121709,0.9705865765054844,0.9203900658460196,1.0496081105562387,0.951978499156869,1.016068926784379
0.5,8,floor,departure_first,preload_all,30,0.9834905192049542,0.09106595035310061,0.9705864570310443,0.9203900658460196,1.0496081105562387,0.9519783606689364,1.0160685985016105
0.5,8,floor,departure_first,schedule_next_after_transition,30,0.9834905192049542,0.09106595035310061,0.9705864570310443,0.9203900658460196,1.0496081105562387,0.9519783606689364,1.0160685985016105
0.5,8,nearest,arrival_first,preload_all,30,0.9846999018081443,0.14912723758248422,0.9552561427118198,0.9053386325273838,0.9944765627971343,0.9348193851981783,1.0386141086069103
0.5,8,nearest,arrival_first,schedule_next_after_transition,30,0.9846999018081443,0.14912723758248422,0.9552561427118198,0.9053386325273838,0.9944765627971343,0.9348193851981783,1.0386141086069103
0.5,8,nearest,departure_first,preload_all,30,0.9846994945391517,0.1491268891585441,0.9552539736996541,0.9053386325273838,0.9944761320618449,0.9348189502810857,1.0386136159259505
0.5,8,nearest,departure_first,schedule_next_after_transition,30,0.9846994945391517,0.1491268891585441,0.9552539736996541,0.9053386325273838,0.9944761320618449,0.9348189502810857,1.0386136159259505
0.5,16,ceiling,arrival_first,preload_all,30,0.941349666978619,0.14960132323390943,0.907132379148198,0.8615102110143067,1.0296330311217625,0.8904192860452586,0.9950547270251153
0.5,16,ceiling,arrival_first,schedule_next_after_transition,30,0.941349666978619,0.14960132323390943,0.907132379148198,0.8615102110143067,1.0296330311217625,0.8904192860452586,0.9950547270251153
0.5,16,ceiling,departure_first,preload_all,30,0.941349666978619,0.14960132323390943,0.907132379148198,0.8615102110143067,1.0296330311217625,0.8904192860452586,0.9950547270251153
0.5,16,ceiling,departure_first,schedule_next_after_transition,30,0.941349666978619,0.14960132323390943,0.907132379148198,0.8615102110143067,1.0296330311217625,0.8904192860452586,0.9950547270251153
0.5,16,floor,arrival_first,preload_all,30,0.971510590588121,0.08861734718124255,0.9837138855366787,0.9214749364002137,1.0296524281295303,0.9400425567140891,1.0027786521837123
0.5,16,floor,arrival_first,schedule_next_after_transition,30,0.971510590588121,0.08861734718124255,0.9837138855366787,0.9214749364002137,1.0296524281295303,0.9400425567140891,1.0027786521837123
0.5,16,floor,departure_first,preload_all,30,0.971510590588121,0.08861734718124255,0.9837138855366787,0.9214749364002137,1.0296524281295303,0.9400425567140891,1.0027786521837123
0.5,16,floor,departure_first,schedule_next_after_transition,30,0.971510590588121,0.08861734718124255,0.9837138855366787,0.9214749364002137,1.0296524281295303,0.9400425567140891,1.0027786521837123
0.5,16,nearest,arrival_first,preload_all,30,0.9517145809927519,0.08955842364343061,0.9293018728153741,0.9070489668110182,0.9802314743786238,0.9212527608401702,0.983781356486242
0.5,16,nearest,arrival_first,schedule_next_after_transition,30,0.9517145809927519,0.08955842364343061,0.9293018728153741,0.9070489668110182,0.9802314743786238,0.9212527608401702,0.983781356486242
0.5,16,nearest,departure_first,preload_all,30,0.9517145809927519,0.08955842364343061,0.9293018728153741,0.9070489668110182,0.9802314743786238,0.9212527608401702,0.983781356486242
0.5,16,nearest,departure_first,schedule_next_after_transition,30,0.9517145809927519,0.08955842364343061,0.9293018728153741,0.9070489668110182,0.9802314743786238,0.9212527608401702,0.983781356486242
0.8,1,ceiling,arrival_first,preload_all,30,0.987031316036835,0.12892689194472598,0.9733639999146045,0.8717780777610218,1.0889039287638824,0.9420824479707838,1.0326341317981993
0.8,1,ceiling,arrival_first,schedule_next_after_transition,30,0.987031316036835,0.12892689194472598,0.9733639999146045,0.8717780777610218,1.0889039287638824,0.9420824479707838,1.0326341317981993
0.8,1,ceiling,departure_first,preload_all,30,0.9870416463499675,0.12898064037206247,0.9749971461026073,0.8716824033610634,1.0887809189659707,0.9420577335063399,1.0326338575131195
0.8,1,ceiling,departure_first,schedule_next_after_transition,30,0.9870416463499675,0.12898064037206247,0.9749971461026073,0.8716824033610634,1.0887809189659707,0.9420577335063399,1.0326338575131195
0.8,1,floor,arrival_first,preload_all,30,0.9969110778471092,0.1398122381633719,0.9719381558246687,0.9393113531660837,1.0450356529710407,0.9486881658979136,1.046223202404236
0.8,1,floor,arrival_first,schedule_next_after_transition,30,0.9969110778471092,0.1398122381633719,0.9719381558246687,0.9393113531660837,1.0450356529710407,0.9486881658979136,1.046223202404236
0.8,1,floor,departure_first,preload_all,30,0.9970763147145804,0.1401780237744178,0.9718412745291296,0.9392502996622816,1.0455836191366947,0.9487142980902422,1.0465259534544236
0.8,1,floor,departure_first,schedule_next_after_transition,30,0.9970763147145804,0.1401780237744178,0.9718412745291296,0.9392502996622816,1.0455836191366947,0.9487142980902422,1.0465259534544236
0.8,1,nearest,arrival_first,preload_all,30,1.0040458018547904,0.12480308571861504,0.9998586902707833,0.9029688871804719,1.0980477254694498,0.9610011601412015,1.0492260785079481
0.8,1,nearest,arrival_first,schedule_next_after_transition,30,1.0040458018547904,0.12480308571861504,0.9998586902707833,0.9029688871804719,1.0980477254694498,0.9610011601412015,1.0492260785079481
0.8,1,nearest,departure_first,preload_all,30,1.0040260865987016,0.12472958550982342,0.9997334990789153,0.9033325740251418,1.0979437076742746,0.9610153710680738,1.0492350492923912
0.8,1,nearest,departure_first,schedule_next_after_transition,30,1.0040260865987016,0.12472958550982342,0.9997334990789153,0.9033325740251418,1.0979437076742746,0.9610153710680738,1.0492350492923912
0.8,4,ceiling,arrival_first,preload_all,30,0.9569740019743818,0.12299964857764667,0.9610320019027139,0.8540235746337499,1.0781679156498445,0.91353235287894,0.9999849600051393
0.8,4,ceiling,arrival_first,schedule_next_after_transition,30,0.9569740019743818,0.12299964857764667,0.9610320019027139,0.8540235746337499,1.0781679156498445,0.91353235287894,0.9999849600051393
0.8,4,ceiling,departure_first,preload_all,30,0.9569898070634806,0.1230751887513372,0.9610177572799243,0.8540155025484948,1.0781569128504536,0.9134658971173728,0.999985001091395
0.8,4,ceiling,departure_first,schedule_next_after_transition,30,0.9569898070634806,0.1230751887513372,0.9610177572799243,0.8540155025484948,1.0781569128504536,0.9134658971173728,0.999985001091395
0.8,4,floor,arrival_first,preload_all,30,0.9991065859218894,0.09227417624479035,0.9979447401378558,0.9345485562216931,1.0440135092217817,0.9678398305830002,1.0321257730878775
0.8,4,floor,arrival_first,schedule_next_after_transition,30,0.9991065859218894,0.09227417624479035,0.9979447401378558,0.9345485562216931,1.0440135092217817,0.9678398305830002,1.0321257730878775
0.8,4,floor,departure_first,preload_all,30,0.9992239668744336,0.09254474105668062,0.9981544847477444,0.9345330417661658,1.0442029546003613,0.9678862129422015,1.0323267632766733
0.8,4,floor,departure_first,schedule_next_after_transition,30,0.9992239668744336,0.09254474105668062,0.9981544847477444,0.9345330417661658,1.0442029546003613,0.9678862129422015,1.0323267632766733
0.8,4,nearest,arrival_first,preload_all,30,0.9890532988461538,0.11978664335098102,0.9617746926776924,0.9134163884357924,1.0764828641585038,0.9478233137929014,1.0315320050568513
0.8,4,nearest,arrival_first,schedule_next_after_transition,30,0.9890532988461538,0.11978664335098102,0.9617746926776924,0.9134163884357924,1.0764828641585038,0.9478233137929014,1.0315320050568513
0.8,4,nearest,departure_first,preload_all,30,0.9890332822916047,0.11989744831358959,0.96176205972672,0.9134041977766642,1.076471206386903,0.9478060515890506,1.0316183114461246
0.8,4,nearest,departure_first,schedule_next_after_transition,30,0.9890332822916047,0.11989744831358959,0.96176205972672,0.9134041977766642,1.076471206386903,0.9478060515890506,1.0316183114461246
0.8,8,ceiling,arrival_first,preload_all,30,0.9685086967517037,0.11275172877693608,0.9552546109651991,0.8787850881745253,1.0588931812884166,0.9300316370657734,1.0086143481511407
0.8,8,ceiling,arrival_first,schedule_next_after_transition,30,0.9685086967517037,0.11275172877693608,0.9552546109651991,0.8787850881745253,1.0588931812884166,0.9300316370657734,1.0086143481511407
0.8,8,ceiling,departure_first,preload_all,30,0.9685994676800856,0.11272141705261586,0.9566909475629934,0.8789758662562779,1.0586426826094417,0.9300929979473869,1.0086777847692623
0.8,8,ceiling,departure_first,schedule_next_after_transition,30,0.9685994676800856,0.11272141705261586,0.9566909475629934,0.8789758662562779,1.0586426826094417,0.9300929979473869,1.0086777847692623
0.8,8,floor,arrival_first,preload_all,30,0.9779415952555492,0.09400583290529572,0.9869743510805806,0.9045543428704327,1.0232951660514593,0.9454716326862525,1.011468044910938
0.8,8,floor,arrival_first,schedule_next_after_transition,30,0.9779415952555492,0.09400583290529572,0.9869743510805806,0.9045543428704327,1.0232951660514593,0.9454716326862525,1.011468044910938
0.8,8,floor,departure_first,preload_all,30,0.9780369169179058,0.0939675128058011,0.9871925453059125,0.9045511711086853,1.0229061495849896,0.9456193466030388,1.0115653794573312
0.8,8,floor,departure_first,schedule_next_after_transition,30,0.9780369169179058,0.0939675128058011,0.9871925453059125,0.9045511711086853,1.0229061495849896,0.9456193466030388,1.0115653794573312
0.8,8,nearest,arrival_first,preload_all,30,0.9707807942216393,0.11811433165028022,0.962536257548404,0.8996417124667666,1.0119767115084923,0.9296789054270698,1.011994067254691
0.8,8,nearest,arrival_first,schedule_next_after_transition,30,0.9707807942216393,0.11811433165028022,0.962536257548404,0.8996417124667666,1.0119767115084923,0.9296789054270698,1.011994067254691
0.8,8,nearest,departure_first,preload_all,30,0.9707528431937872,0.1180513391094301,0.9621968520537718,0.8996408253905117,1.0119713160827237,0.9296918003149517,1.0119498806277154
0.8,8,nearest,departure_first,schedule_next_after_transition,30,0.9707528431937872,0.1180513391094301,0.9621968520537718,0.8996408253905117,1.0119713160827237,0.9296918003149517,1.0119498806277154
0.8,16,ceiling,arrival_first,preload_all,30,0.9444238851905299,0.12416281467654829,0.9222399735713769,0.8487484500834738,1.013759688017599,0.9011416589271204,0.9900328454751344
0.8,16,ceiling,arrival_first,schedule_next_after_transition,30,0.9444238851905299,0.12416281467654829,0.9222399735713769,0.8487484500834738,1.013759688017599,0.9011416589271204,0.9900328454751344
0.8,16,ceiling,departure_first,preload_all,30,0.9444754285973744,0.12423582446031774,0.9222418381324964,0.8487484500834738,1.0147972800758174,0.9012108377046191,0.9901651127761917
0.8,16,ceiling,departure_first,schedule_next_after_transition,30,0.9444754285973744,0.12423582446031774,0.9222418381324964,0.8487484500834738,1.0147972800758174,0.9012108377046191,0.9901651127761917
0.8,16,floor,arrival_first,preload_all,30,0.9758834014411444,0.08431806496859647,0.9925264901604266,0.9126730386888465,1.0324092353045238,0.9459785725571226,1.0050960084543648
0.8,16,floor,arrival_first,schedule_next_after_transition,30,0.9758834014411444,0.08431806496859647,0.9925264901604266,0.9126730386888465,1.0324092353045238,0.9459785725571226,1.0050960084543648
0.8,16,floor,departure_first,preload_all,30,0.9758907829015833,0.08432285564297708,0.9925258687834382,0.9126728150713458,1.0324092951502037,0.9459286977122423,1.0050957180849476
0.8,16,floor,departure_first,schedule_next_after_transition,30,0.9758907829015833,0.08432285564297708,0.9925258687834382,0.9126728150713458,1.0324092951502037,0.9459286977122423,1.0050957180849476
0.8,16,nearest,arrival_first,preload_all,30,0.9876441238188136,0.09458661033443819,0.9801700605361898,0.9326082495648531,1.0542821689873993,0.9547125007183369,1.0206545341730968
0.8,16,nearest,arrival_first,schedule_next_after_transition,30,0.9876441238188136,0.09458661033443819,0.9801700605361898,0.9326082495648531,1.0542821689873993,0.9547125007183369,1.0206545341730968
0.8,16,nearest,departure_first,preload_all,30,0.9876968523174582,0.09451567064593382,0.9804872907279806,0.9328628749001986,1.0544142491917394,0.9547787442707355,1.020683138552392
0.8,16,nearest,departure_first,schedule_next_after_transition,30,0.9876968523174582,0.09451567064593382,0.9804872907279806,0.9328628749001986,1.0544142491917394,0.9547787442707355,1.020683138552392
0.95,1,ceiling,arrival_first,preload_all,30,0.9506172866145525,0.14944415044984916,0.9169408357404962,0.8586050061810209,1.0606282474551572,0.8986924167333021,1.0064007243261908
0.95,1,ceiling,arrival_first,schedule_next_after_transition,30,0.9506172866145525,0.14944415044984916,0.9169408357404962,0.8586050061810209,1.0606282474551572,0.8986924167333021,1.0064007243261908
0.95,1,ceiling,departure_first,preload_all,30,0.9509292364881401,0.14922739770268112,0.9177691900371757,0.8596458864543264,1.0615550107664644,0.8990549361785818,1.0066056819223275
0.95,1,ceiling,departure_first,schedule_next_after_transition,30,0.9509292364881401,0.14922739770268112,0.9177691900371757,0.8596458864543264,1.0615550107664644,0.8990549361785818,1.0066056819223275
0.95,1,floor,arrival_first,preload_all,30,0.9846392750025611,0.12750831865467432,0.9776023883114702,0.8723771662320872,1.039671518012089,0.9406821613693727,1.0292362334531007
0.95,1,floor,arrival_first,schedule_next_after_transition,30,0.9846392750025611,0.12750831865467432,0.9776023883114702,0.8723771662320872,1.039671518012089,0.9406821613693727,1.0292362334531007
0.95,1,floor,departure_first,preload_all,30,0.9844949121217614,0.12765357706466204,0.9775044639527486,0.8722822915062195,1.037539392106195,0.9404045231869194,1.0290323199666598
0.95,1,floor,departure_first,schedule_next_after_transition,30,0.9844949121217614,0.12765357706466204,0.9775044639527486,0.8722822915062195,1.037539392106195,0.9404045231869194,1.0290323199666598
0.95,1,nearest,arrival_first,preload_all,30,1.0023520225951699,0.15526901910207452,0.9817601737967254,0.92046778465329,1.0908980721618668,0.9505344412344623,1.0607738789594265
0.95,1,nearest,arrival_first,schedule_next_after_transition,30,1.0023520225951699,0.15526901910207452,0.9817601737967254,0.92046778465329,1.0908980721618668,0.9505344412344623,1.0607738789594265
0.95,1,nearest,departure_first,preload_all,30,1.002234782648766,0.1554843435031844,0.9806879690240673,0.9214168927799716,1.0914890919602747,0.9504810048299951,1.0606795818200407
0.95,1,nearest,departure_first,schedule_next_after_transition,30,1.002234782648766,0.1554843435031844,0.9806879690240673,0.9214168927799716,1.0914890919602747,0.9504810048299951,1.0606795818200407
0.95,4,ceiling,arrival_first,preload_all,30,0.9200053362432511,0.08519675929568873,0.9145280009152523,0.8757707470386535,0.9729050240972028,0.8901656903179525,0.9508243265561293
0.95,4,ceiling,arrival_first,schedule_next_after_transition,30,0.9200053362432511,0.08519675929568873,0.9145280009152523,0.8757707470386535,0.9729050240972028,0.8901656903179525,0.9508243265561293
0.95,4,ceiling,departure_first,preload_all,30,0.9198348504057466,0.08522948734715609,0.9136184109466938,0.8752793525067379,0.9708657665637986,0.8900239471146087,0.9506886983612588
0.95,4,ceiling,departure_first,schedule_next_after_transition,30,0.9198348504057466,0.08522948734715609,0.9136184109466938,0.8752793525067379,0.9708657665637986,0.8900239471146087,0.9506886983612588
0.95,4,floor,arrival_first,preload_all,30,0.9995848751048932,0.11443762034569557,0.982167310149292,0.9125184992597986,1.040858270497112,0.9607826752025711,1.0405132595515278
0.95,4,floor,arrival_first,schedule_next_after_transition,30,0.9995848751048932,0.11443762034569557,0.982167310149292,0.9125184992597986,1.040858270497112,0.9607826752025711,1.0405132595515278
0.95,4,floor,departure_first,preload_all,30,0.9990439555392189,0.11456693364638328,0.9782746448098578,0.9117964169818589,1.040943363412628,0.9600297916986327,1.0400579420255196
0.95,4,floor,departure_first,schedule_next_after_transition,30,0.9990439555392189,0.11456693364638328,0.9782746448098578,0.9117964169818589,1.040943363412628,0.9600297916986327,1.0400579420255196
0.95,4,nearest,arrival_first,preload_all,30,1.0221155592869926,0.12752971623059922,1.0227799102587607,0.9452624803510812,1.1368597167478685,0.9764594074264973,1.0663115111314636
0.95,4,nearest,arrival_first,schedule_next_after_transition,30,1.0221155592869926,0.12752971623059922,1.0227799102587607,0.9452624803510812,1.1368597167478685,0.9764594074264973,1.0663115111314636
0.95,4,nearest,departure_first,preload_all,30,1.0218991912429802,0.12766964170485717,1.023758563494524,0.9450972171403675,1.1362564471192846,0.9760845702375357,1.0661998125144425
0.95,4,nearest,departure_first,schedule_next_after_transition,30,1.0218991912429802,0.12766964170485717,1.023758563494524,0.9450972171403675,1.1362564471192846,0.9760845702375357,1.0661998125144425
0.95,8,ceiling,arrival_first,preload_all,30,0.9645050683532319,0.08457607118433318,0.9625033469607471,0.9264344780033735,1.0043116354782056,0.9350940073141936,0.9937806646154749
0.95,8,ceiling,arrival_first,schedule_next_after_transition,30,0.9645050683532319,0.08457607118433318,0.9625033469607471,0.9264344780033735,1.0043116354782056,0.9350940073141936,0.9937806646154749
0.95,8,ceiling,departure_first,preload_all,30,0.9644668331173227,0.08465619461196172,0.9611532665253844,0.9254140434585733,1.0033869292632298,0.9350678622928598,0.9937768128212928
0.95,8,ceiling,departure_first,schedule_next_after_transition,30,0.9644668331173227,0.08465619461196172,0.9611532665253844,0.9254140434585733,1.0033869292632298,0.9350678622928598,0.9937768128212928
0.95,8,floor,arrival_first,preload_all,30,1.002816371422725,0.08962727724583423,1.001146245897878,0.9278702512895481,1.0547184979035378,0.9714247729155229,1.034717514249227
0.95,8,floor,arrival_first,schedule_next_after_transition,30,1.002816371422725,0.08962727724583423,1.001146245897878,0.9278702512895481,1.0547184979035378,0.9714247729155229,1.034717514249227
0.95,8,floor,departure_first,preload_all,30,1.002789857716496,0.08977421062197581,1.0004601010965368,0.9275966495647743,1.0549697185101283,0.971270058310553,1.0347590547831413
0.95,8,floor,departure_first,schedule_next_after_transition,30,1.002789857716496,0.08977421062197581,1.0004601010965368,0.9275966495647743,1.0549697185101283,0.971270058310553,1.0347590547831413
0.95,8,nearest,arrival_first,preload_all,30,0.9907034369444033,0.10476507476399105,0.9872211284410262,0.9363186775991974,1.053234040744848,0.9545476838403132,1.0295732765335888
0.95,8,nearest,arrival_first,schedule_next_after_transition,30,0.9907034369444033,0.10476507476399105,0.9872211284410262,0.9363186775991974,1.053234040744848,0.9545476838403132,1.0295732765335888
0.95,8,nearest,departure_first,preload_all,30,0.9906328799306916,0.10472061546968411,0.9865741546884147,0.9365572101457663,1.0532286562019801,0.9543614211754405,1.02934391468142
0.95,8,nearest,departure_first,schedule_next_after_transition,30,0.9906328799306916,0.10472061546968411,0.9865741546884147,0.9365572101457663,1.0532286562019801,0.9543614211754405,1.02934391468142
0.95,16,ceiling,arrival_first,preload_all,30,0.9664760607157974,0.10400406855906412,0.9606548560033388,0.8950521648928234,1.0023134740258883,0.9316925234499458,1.0041388886397609
0.95,16,ceiling,arrival_first,schedule_next_after_transition,30,0.9664760607157974,0.10400406855906412,0.9606548560033388,0.8950521648928234,1.0023134740258883,0.9316925234499458,1.0041388886397609
0.95,16,ceiling,departure_first,preload_all,30,0.9663428239519418,0.10424299710525443,0.9610542491190466,0.8945861469584485,1.0023084513913894,0.9315148389324154,1.004056809435888
0.95,16,ceiling,departure_first,schedule_next_after_transition,30,0.9663428239519418,0.10424299710525443,0.9610542491190466,0.8945861469584485,1.0023084513913894,0.9315148389324154,1.004056809435888
0.95,16,floor,arrival_first,preload_all,30,0.9836886287783457,0.11627856129949886,0.9977267136616279,0.9015321984120513,1.0597527225580976,0.943622969901795,1.0259074263946923
0.95,16,floor,arrival_first,schedule_next_after_transition,30,0.9836886287783457,0.11627856129949886,0.9977267136616279,0.9015321984120513,1.0597527225580976,0.943622969901795,1.0259074263946923
0.95,16,floor,departure_first,preload_all,30,0.9837882483711711,0.11611069278939236,0.9983967022919553,0.9021217976728639,1.0600272530999728,0.9437462652525876,1.0261172373303318
0.95,16,floor,departure_first,schedule_next_after_transition,30,0.9837882483711711,0.11611069278939236,0.9983967022919553,0.9021217976728639,1.0600272530999728,0.9437462652525876,1.0261172373303318
0.95,16,nearest,arrival_first,preload_all,30,0.9955490370532112,0.12207900022604753,0.9788670331516025,0.9203741689098358,1.085971971844705,0.9526194668885405,1.0390141735118015
0.95,16,nearest,arrival_first,schedule_next_after_transition,30,0.9955490370532112,0.12207900022604753,0.9788670331516025,0.9203741689098358,1.085971971844705,0.9526194668885405,1.0390141735118015
0.95,16,nearest,departure_first,preload_all,30,0.9952500356892144,0.12203895912838036,0.9785838362246648,0.9189280636347015,1.0858681640496703,0.9523093386432554,1.0386955688519455
0.95,16,nearest,departure_first,schedule_next_after_transition,30,0.9952500356892144,0.12203895912838036,0.9785838362246648,0.9189280636347015,1.0858681640496703,0.9523093386432554,1.0386955688519455
1.0,1,ceiling,arrival_first,preload_all,30,0.9680713715297298,0.12910986441225977,0.9321067378456767,0.8892914314514536,1.0647897616949573,0.9238366906158335,1.014098327726105
1.0,1,ceiling,arrival_first,schedule_next_after_transition,30,0.9680713715297298,0.12910986441225977,0.9321067378456767,0.8892914314514536,1.0647897616949573,0.9238366906158335,1.014098327726105
1.0,1,ceiling,departure_first,preload_all,30,0.968122561371349,0.12920114518346829,0.9320458336008285,0.8891984136137624,1.063779664428593,0.9239177747302991,1.0141691686926126
1.0,1,ceiling,departure_first,schedule_next_after_transition,30,0.968122561371349,0.12920114518346829,0.9320458336008285,0.8891984136137624,1.063779664428593,0.9239177747302991,1.0141691686926126
1.0,1,floor,arrival_first,preload_all,30,0.9675978840926537,0.1163200605299106,0.9563738579975762,0.9261596432538266,1.0187563012512106,0.9258509278708297,1.0095508013920302
1.0,1,floor,arrival_first,schedule_next_after_transition,30,0.9675978840926537,0.1163200605299106,0.9563738579975762,0.9261596432538266,1.0187563012512106,0.9258509278708297,1.0095508013920302
1.0,1,floor,departure_first,preload_all,30,0.9675524919431963,0.11627472287444428,0.9560345021615226,0.9262846852930637,1.0186577153923522,0.9258580118875707,1.009484046175654
1.0,1,floor,departure_first,schedule_next_after_transition,30,0.9675524919431963,0.11627472287444428,0.9560345021615226,0.9262846852930637,1.0186577153923522,0.9258580118875707,1.009484046175654
1.0,1,nearest,arrival_first,preload_all,30,0.9717382629099394,0.11240264820143055,0.9625472944878506,0.9146907764043037,1.0355395882935776,0.9324134077309019,1.0104711961569695
1.0,1,nearest,arrival_first,schedule_next_after_transition,30,0.9717382629099394,0.11240264820143055,0.9625472944878506,0.9146907764043037,1.0355395882935776,0.9324134077309019,1.0104711961569695
1.0,1,nearest,departure_first,preload_all,30,0.9718911869341323,0.11244292696257333,0.9635038522298167,0.9146106352794313,1.0356493354603438,0.9325718491676028,1.01063259132699
1.0,1,nearest,departure_first,schedule_next_after_transition,30,0.9718911869341323,0.11244292696257333,0.9635038522298167,0.9146106352794313,1.0356493354603438,0.9325718491676028,1.01063259132699
1.0,4,ceiling,arrival_first,preload_all,30,0.9466968467128912,0.1005665020425556,0.9253586028025864,0.8941879337240781,0.9954740681246329,0.912279100096914,0.9834839364886144
1.0,4,ceiling,arrival_first,schedule_next_after_transition,30,0.9466968467128912,0.1005665020425556,0.9253586028025864,0.8941879337240781,0.9954740681246329,0.912279100096914,0.9834839364886144
1.0,4,ceiling,departure_first,preload_all,30,0.9464663729254692,0.1000583991895693,0.9247455094905196,0.894640652679095,0.9949558242396792,0.9121727570137703,0.9830331326245707
1.0,4,ceiling,departure_first,schedule_next_after_transition,30,0.9464663729254692,0.1000583991895693,0.9247455094905196,0.894640652679095,0.9949558242396792,0.9121727570137703,0.9830331326245707
1.0,4,floor,arrival_first,preload_all,30,0.9748087364429189,0.0945084905819942,0.9916686695570043,0.9176497591255075,1.0233479591396895,0.9420833721859844,1.0099576004137432
1.0,4,floor,arrival_first,schedule_next_after_transition,30,0.9748087364429189,0.0945084905819942,0.9916686695570043,0.9176497591255075,1.0233479591396895,0.9420833721859844,1.0099576004137432
1.0,4,floor,departure_first,preload_all,30,0.9746771663074825,0.09444158757426176,0.990800768542971,0.9188386406397028,1.0223018657622616,0.9419708684147925,1.0097130869284472
1.0,4,floor,departure_first,schedule_next_after_transition,30,0.9746771663074825,0.09444158757426176,0.990800768542971,0.9188386406397028,1.0223018657622616,0.9419708684147925,1.0097130869284472
1.0,4,nearest,arrival_first,preload_all,30,0.9647813682685751,0.1009899417664987,0.9744167710755323,0.8862375485426939,1.0062443661308156,0.930106015058324,1.000661919001927
1.0,4,nearest,arrival_first,schedule_next_after_transition,30,0.9647813682685751,0.1009899417664987,0.9744167710755323,0.8862375485426939,1.0062443661308156,0.930106015058324,1.000661919001927
1.0,4,nearest,departure_first,preload_all,30,0.9645920110605345,0.10090338574405049,0.9748569367280246,0.8867978222447555,1.0058888683736793,0.929878379108673,1.0004104111949634
1.0,4,nearest,departure_first,schedule_next_after_transition,30,0.9645920110605345,0.10090338574405049,0.9748569367280246,0.8867978222447555,1.0058888683736793,0.929878379108673,1.0004104111949634
1.0,8,ceiling,arrival_first,preload_all,30,0.9639410220382602,0.10335764173908886,0.9427805074201336,0.8979698693857071,0.9960781965979819,0.9287511466323439,1.0011789290486948
1.0,8,ceiling,arrival_first,schedule_next_after_transition,30,0.9639410220382602,0.10335764173908886,0.9427805074201336,0.8979698693857071,0.9960781965979819,0.9287511466323439,1.0011789290486948
1.0,8,ceiling,departure_first,preload_all,30,0.9645001052388337,0.10396568980202013,0.9428754118257703,0.902647247577866,0.9980246676662621,0.9290053443396242,1.0018804534079735
1.0,8,ceiling,departure_first,schedule_next_after_transition,30,0.9645001052388337,0.10396568980202013,0.9428754118257703,0.902647247577866,0.9980246676662621,0.9290053443396242,1.0018804534079735
1.0,8,floor,arrival_first,preload_all,30,1.0129513447447507,0.09838970013030349,1.020986248259701,0.9571137850491385,1.0701812752248916,0.9785975944614426,1.0475063147223607
1.0,8,floor,arrival_first,schedule_next_after_transition,30,1.0129513447447507,0.09838970013030349,1.020986248259701,0.9571137850491385,1.0701812752248916,0.9785975944614426,1.0475063147223607
1.0,8,floor,departure_first,preload_all,30,1.013100764318215,0.09836506802470028,1.0213345225411876,0.9573793080074453,1.0711510750072535,0.9787545384573998,1.04765906649323
1.0,8,floor,departure_first,schedule_next_after_transition,30,1.013100764318215,0.09836506802470028,1.0213345225411876,0.9573793080074453,1.0711510750072535,0.9787545384573998,1.04765906649323
1.0,8,nearest,arrival_first,preload_all,30,0.9883526811411671,0.09627991616274993,0.9826348580393889,0.941893922752752,1.0189548078405584,0.9546736625958314,1.022896113654775
1.0,8,nearest,arrival_first,schedule_next_after_transition,30,0.9883526811411671,0.09627991616274993,0.9826348580393889,0.941893922752752,1.0189548078405584,0.9546736625958314,1.022896113654775
1.0,8,nearest,departure_first,preload_all,30,0.9884408164084844,0.09642315862182481,0.9833050762232647,0.9413152439995585,1.0174950358667565,0.954640042073141,1.0229934759423895
1.0,8,nearest,departure_first,schedule_next_after_transition,30,0.9884408164084844,0.09642315862182481,0.9833050762232647,0.9413152439995585,1.0174950358667565,0.954640042073141,1.0229934759423895
1.0,16,ceiling,arrival_first,preload_all,30,0.9261203189975933,0.11114146476265013,0.9322182828182923,0.8499871150633012,0.9879674173717247,0.8873966524210904,0.9658661472698709
1.0,16,ceiling,arrival_first,schedule_next_after_transition,30,0.9261203189975933,0.11114146476265013,0.9322182828182923,0.8499871150633012,0.9879674173717247,0.8873966524210904,0.9658661472698709
1.0,16,ceiling,departure_first,preload_all,30,0.9263530974384045,0.11169169429624329,0.9325362454368277,0.849678994749284,0.9870082055769767,0.8873633266751383,0.9664593107134525
1.0,16,ceiling,departure_first,schedule_next_after_transition,30,0.9263530974384045,0.11169169429624329,0.9325362454368277,0.849678994749284,0.9870082055769767,0.8873633266751383,0.9664593107134525
1.0,16,floor,arrival_first,preload_all,30,0.9628713354189231,0.10705944400140176,0.9632406511060381,0.876003727501452,1.0331804951489418,0.9251683471070852,1.0010708459220226
1.0,16,floor,arrival_first,schedule_next_after_transition,30,0.9628713354189231,0.10705944400140176,0.9632406511060381,0.876003727501452,1.0331804951489418,0.9251683471070852,1.0010708459220226
1.0,16,floor,departure_first,preload_all,30,0.9628652979654735,0.10695456819810485,0.9624909928619769,0.8770692313971521,1.0329512518335455,0.9252169399122351,1.000981961046144
1.0,16,floor,departure_first,schedule_next_after_transition,30,0.9628652979654735,0.10695456819810485,0.9624909928619769,0.8770692313971521,1.0329512518335455,0.9252169399122351,1.000981961046144
1.0,16,nearest,arrival_first,preload_all,30,0.9779600530626014,0.10156115474644126,0.9794397282868728,0.9135709007665025,1.04262501489406,0.9425795070625351,1.0145672779724428
1.0,16,nearest,arrival_first,schedule_next_after_transition,30,0.9779600530626014,0.10156115474644126,0.9794397282868728,0.9135709007665025,1.04262501489406,0.9425795070625351,1.0145672779724428
1.0,16,nearest,departure_first,preload_all,30,0.9778163050972145,0.10156430556979916,0.9806833383588232,0.9125796111651651,1.041324365887351,0.9424717067671201,1.0145351982699453
1.0,16,nearest,departure_first,schedule_next_after_transition,30,0.9778163050972145,0.10156430556979916,0.9806833383588232,0.9125796111651651,1.041324365887351,0.9424717067671201,1.0145351982699453
1.1,1,ceiling,arrival_first,preload_all,30,0.9927863535189904,0.13074963544844173,0.988536694341301,0.909997908873829,1.0840752940311522,0.9469744929070317,1.0384391657832488
1.1,1,ceiling,arrival_first,schedule_next_after_transition,30,0.9927863535189904,0.13074963544844173,0.988536694341301,0.909997908873829,1.0840752940311522,0.9469744929070317,1.0384391657832488
1.1,1,ceiling,departure_first,preload_all,30,0.9929750132563608,0.1308766364842517,0.9887984771980172,0.9105307417617486,1.0832656972106722,0.947138839093255,1.0386515438469441
1.1,1,ceiling,departure_first,schedule_next_after_transition,30,0.9929750132563608,0.1308766364842517,0.9887984771980172,0.9105307417617486,1.0832656972106722,0.947138839093255,1.0386515438469441
1.1,1,floor,arrival_first,preload_all,30,0.9789971619526258,0.12634174620961694,0.9899853765064999,0.8769773900356312,1.0402345846683292,0.9354560075887668,1.0254760121755377
1.1,1,floor,arrival_first,schedule_next_after_transition,30,0.9789971619526258,0.12634174620961694,0.9899853765064999,0.8769773900356312,1.0402345846683292,0.9354560075887668,1.0254760121755377
1.1,1,floor,departure_first,preload_all,30,0.9792150554052755,0.12638277838290674,0.9896613002571601,0.8782027308580742,1.0401505143225598,0.9356189417922375,1.0256910500434289
1.1,1,floor,departure_first,schedule_next_after_transition,30,0.9792150554052755,0.12638277838290674,0.9896613002571601,0.8782027308580742,1.0401505143225598,0.9356189417922375,1.0256910500434289
1.1,1,nearest,arrival_first,preload_all,30,0.9942120618899392,0.12457283633798456,0.9799221027071047,0.9319870129966851,1.0446819576112578,0.9521307950114158,1.0404965139160196
1.1,1,nearest,arrival_first,schedule_next_after_transition,30,0.9942120618899392,0.12457283633798456,0.9799221027071047,0.9319870129966851,1.0446819576112578,0.9521307950114158,1.0404965139160196
1.1,1,nearest,departure_first,preload_all,30,0.9942948273981584,0.12450946016604993,0.9803081561103228,0.931729322176016,1.0435129954758569,0.9522707063692942,1.0405290064808492
1.1,1,nearest,departure_first,schedule_next_after_transition,30,0.9942948273981584,0.12450946016604993,0.9803081561103228,0.931729322176016,1.0435129954758569,0.9522707063692942,1.0405290064808492
1.1,4,ceiling,arrival_first,preload_all,30,0.9870604143248134,0.10259263258132727,0.9573562662086808,0.9164156137221802,1.0860639879443326,0.9518598990831081,1.0244181404660944
1.1,4,ceiling,arrival_first,schedule_next_after_transition,30,0.9870604143248134,0.10259263258132727,0.9573562662086808,0.9164156137221802,1.0860639879443326,0.9518598990831081,1.0244181404660944
1.1,4,ceiling,departure_first,preload_all,30,0.98711606717935,0.10306697715854911,0.9569236764626301,0.9149619842402347,1.087865121176356,0.9516945494176805,1.0246108867100576
1.1,4,ceiling,departure_first,schedule_next_after_transition,30,0.98711606717935,0.10306697715854911,0.9569236764626301,0.9149619842402347,1.087865121176356,0.9516945494176805,1.0246108867100576
1.1,4,floor,arrival_first,preload_all,30,1.0073772398057221,0.10050461439140364,1.0009955909807209,0.9318238795526437,1.0681066100280396,0.9730743547240016,1.042733670227499
1.1,4,floor,arrival_first,schedule_next_after_transition,30,1.0073772398057221,0.10050461439140364,1.0009955909807209,0.9318238795526437,1.0681066100280396,0.9730743547240016,1.042733670227499
1.1,4,floor,departure_first,preload_all,30,1.0073816266896463,0.10055897160935325,1.0011798089358803,0.9312551586703024,1.0679373265134016,0.9730511276611763,1.042783424403348
1.1,4,floor,departure_first,schedule_next_after_transition,30,1.0073816266896463,0.10055897160935325,1.0011798089358803,0.9312551586703024,1.0679373265134016,0.9730511276611763,1.042783424403348
1.1,4,nearest,arrival_first,preload_all,30,0.9753017083690659,0.1171259901518432,0.9712442020057845,0.9214909503143836,1.0522968378736592,0.9343071862074909,1.0169459647933277
1.1,4,nearest,arrival_first,schedule_next_after_transition,30,0.9753017083690659,0.1171259901518432,0.9712442020057845,0.9214909503143836,1.0522968378736592,0.9343071862074909,1.0169459647933277
1.1,4,nearest,departure_first,preload_all,30,0.9750594523698534,0.11681901387104544,0.9707554210008833,0.9215053822347139,1.0522889774759356,0.9342331228372674,1.0165888984258558
1.1,4,nearest,departure_first,schedule_next_after_transition,30,0.9750594523698534,0.11681901387104544,0.9707554210008833,0.9215053822347139,1.0522889774759356,0.9342331228372674,1.0165888984258558
1.1,8,ceiling,arrival_first,preload_all,30,0.9519300351852434,0.10618075351651407,0.9526604583619884,0.8719643652038405,1.0242783700511773,0.9149581996707236,0.9891678839503751
1.1,8,ceiling,arrival_first,schedule_next_after_transition,30,0.9519300351852434,0.10618075351651407,0.9526604583619884,0.8719643652038405,1.0242783700511773,0.9149581996707236,0.9891678839503751
1.1,8,ceiling,departure_first,preload_all,30,0.9518361761654978,0.10623238160682831,0.9526894767990024,0.8712958954000631,1.0213905513017703,0.9148110892576459,0.9889662238363583
1.1,8,ceiling,departure_first,schedule_next_after_transition,30,0.9518361761654978,0.10623238160682831,0.9526894767990024,0.8712958954000631,1.0213905513017703,0.9148110892576459,0.9889662238363583
1.1,8,floor,arrival_first,preload_all,30,0.9740944977716656,0.0705142475432327,0.9782560507454381,0.9222676543556593,1.0177518171445812,0.948935824320599,0.9990092051975074
1.1,8,floor,arrival_first,schedule_next_after_transition,30,0.9740944977716656,0.0705142475432327,0.9782560507454381,0.9222676543556593,1.0177518171445812,0.948935824320599,0.9990092051975074
1.1,8,floor,departure_first,preload_all,30,0.9743583562808448,0.07056269030957718,0.9796517534316963,0.9242407662641753,1.0186164737695054,0.9491316095705253,0.9993334035202124
1.1,8,floor,departure_first,schedule_next_after_transition,30,0.9743583562808448,0.07056269030957718,0.9796517534316963,0.9242407662641753,1.0186164737695054,0.9491316095705253,0.9993334035202124
1.1,8,nearest,arrival_first,preload_all,30,0.9797868905028241,0.09407898335510861,0.9755699444007592,0.9091598003176292,1.0144531361727016,0.9479212428318932,1.0144767269638373
1.1,8,nearest,arrival_first,schedule_next_after_transition,30,0.9797868905028241,0.09407898335510861,0.9755699444007592,0.9091598003176292,1.0144531361727016,0.9479212428318932,1.0144767269638373
1.1,8,nearest,departure_first,preload_all,30,0.9800570438570458,0.094013831585289,0.9758108880252326,0.9097926473423263,1.0124182849992156,0.9482812787079355,1.0146550685214872
1.1,8,nearest,departure_first,schedule_next_after_transition,30,0.9800570438570458,0.094013831585289,0.9758108880252326,0.9097926473423263,1.0124182849992156,0.9482812787079355,1.0146550685214872
1.1,16,ceiling,arrival_first,preload_all,30,0.9464853390772521,0.11102711371724278,0.9409978417175597,0.8797181446304377,0.9602868519504572,0.9104189248302484,0.9873367874604652
1.1,16,ceiling,arrival_first,schedule_next_after_transition,30,0.9464853390772521,0.11102711371724278,0.9409978417175597,0.8797181446304377,0.9602868519504572,0.9104189248302484,0.9873367874604652
1.1,16,ceiling,departure_first,preload_all,30,0.9443922910046186,0.11103041060756544,0.9327334721820062,0.8824143463007917,0.9579192060620131,0.9083319708537957,0.9856537307461063
1.1,16,ceiling,departure_first,schedule_next_after_transition,30,0.9443922910046186,0.11103041060756544,0.9327334721820062,0.8824143463007917,0.9579192060620131,0.9083319708537957,0.9856537307461063
1.1,16,floor,arrival_first,preload_all,30,1.0160118970927263,0.112251636011215,1.0254682920517268,0.9450600678530854,1.0699039996174031,0.9772099704547517,1.0557769099299155
1.1,16,floor,arrival_first,schedule_next_after_transition,30,1.0160118970927263,0.112251636011215,1.0254682920517268,0.9450600678530854,1.0699039996174031,0.9772099704547517,1.0557769099299155
1.1,16,floor,departure_first,preload_all,30,1.0159268724710124,0.11233519041184876,1.0253549318975486,0.9450285133722645,1.0702006886944033,0.9771905096810651,1.0557919856247246
1.1,16,floor,departure_first,schedule_next_after_transition,30,1.0159268724710124,0.11233519041184876,1.0253549318975486,0.9450285133722645,1.0702006886944033,0.9771905096810651,1.0557919856247246
1.1,16,nearest,arrival_first,preload_all,30,0.9845513269987493,0.0727188043705401,0.9801106634492585,0.9278640852775332,1.0280280456258115,0.9601127148044803,1.011105500096039
1.1,16,nearest,arrival_first,schedule_next_after_transition,30,0.9845513269987493,0.0727188043705401,0.9801106634492585,0.9278640852775332,1.0280280456258115,0.9601127148044803,1.011105500096039
1.1,16,nearest,departure_first,preload_all,30,0.9843863576870588,0.07286339804141924,0.9790043956224925,0.9272237981778636,1.0259575540735457,0.9598332149334536,1.01097760159361
1.1,16,nearest,departure_first,schedule_next_after_transition,30,0.9843863576870588,0.07286339804141924,0.9790043956224925,0.9272237981778636,1.0259575540735457,0.9598332149334536,1.01097760159361
1.25,1,ceiling,arrival_first,preload_all,30,0.9755911647412451,0.12860167673148254,0.9672631148639563,0.9023899747427033,1.0650599152230256,0.9307231942512901,1.020351089270687
1.25,1,ceiling,arrival_first,schedule_next_after_transition,30,0.9755911647412451,0.12860167673148254,0.9672631148639563,0.9023899747427033,1.0650599152230256,0.9307231942512901,1.020351089270687
1.25,1,ceiling,departure_first,preload_all,30,0.9756230949777567,0.1289524789466527,0.9663970205572365,0.9024414887232233,1.0649365930159567,0.9306358703362577,1.0204854416588232
1.25,1,ceiling,departure_first,schedule_next_after_transition,30,0.9756230949777567,0.1289524789466527,0.9663970205572365,0.9024414887232233,1.0649365930159567,0.9306358703362577,1.0204854416588232
1.25,1,floor,arrival_first,preload_all,30,0.9650833887497005,0.11579918898710706,0.9876575612731503,0.8886577021210453,1.0352291926156685,0.9231132177598478,1.0046803706242435
1.25,1,floor,arrival_first,schedule_next_after_transition,30,0.9650833887497005,0.11579918898710706,0.9876575612731503,0.8886577021210453,1.0352291926156685,0.9231132177598478,1.0046803706242435
1.25,1,floor,departure_first,preload_all,30,0.9649351293228741,0.11553458662089346,0.9874163363640798,0.889505047145758,1.0348808288243352,0.9230918049559483,1.0044183902585275
1.25,1,floor,departure_first,schedule_next_after_transition,30,0.9649351293228741,0.11553458662089346,0.9874163363640798,0.889505047145758,1.0348808288243352,0.9230918049559483,1.0044183902585275
1.25,1,nearest,arrival_first,preload_all,30,1.006115064782826,0.1350303600055732,0.9995040863616776,0.9152549119966139,1.0962666960504202,0.9605975016080508,1.0536697006990041
1.25,1,nearest,arrival_first,schedule_next_after_transition,30,1.006115064782826,0.1350303600055732,0.9995040863616776,0.9152549119966139,1.0962666960504202,0.9605975016080508,1.0536697006990041
1.25,1,nearest,departure_first,preload_all,30,1.0060838387708555,0.13522763887115596,0.9995880103556523,0.9153397089695371,1.0961676217059078,0.9604921553709732,1.053682392872991
1.25,1,nearest,departure_first,schedule_next_after_transition,30,1.0060838387708555,0.13522763887115596,0.9995880103556523,0.9153397089695371,1.0961676217059078,0.9604921553709732,1.053682392872991
1.25,4,ceiling,arrival_first,preload_all,30,0.9835671021631597,0.10160785917201608,0.9866936758948732,0.9168165872087051,1.0354750653869842,0.9479645086435613,1.0193088466807847
1.25,4,ceiling,arrival_first,schedule_next_after_transition,30,0.9835671021631597,0.10160785917201608,0.9866936758948732,0.9168165872087051,1.0354750653869842,0.9479645086435613,1.0193088466807847
1.25,4,ceiling,departure_first,preload_all,30,0.9838810383164946,0.102011350460496,0.9855348222091538,0.9191762413128248,1.035444703504629,0.9478863650999586,1.0196304581018207
1.25,4,ceiling,departure_first,schedule_next_after_transition,30,0.9838810383164946,0.102011350460496,0.9855348222091538,0.9191762413128248,1.035444703504629,0.9478863650999586,1.0196304581018207
1.25,4,floor,arrival_first,preload_all,30,1.030853667378002,0.0860985780638491,1.0208908343293583,0.97909187750184,1.0890818620855982,1.0006465990140916,1.0615643001959465
1.25,4,floor,arrival_first,schedule_next_after_transition,30,1.030853667378002,0.0860985780638491,1.0208908343293583,0.97909187750184,1.0890818620855982,1.0006465990140916,1.0615643001959465
1.25,4,floor,departure_first,preload_all,30,1.030891103726931,0.08648148924987072,1.021071450139646,0.978727772755513,1.0888739925427884,1.0006124473958764,1.0617138287330563
1.25,4,floor,departure_first,schedule_next_after_transition,30,1.030891103726931,0.08648148924987072,1.021071450139646,0.978727772755513,1.0888739925427884,1.0006124473958764,1.0617138287330563
1.25,4,nearest,arrival_first,preload_all,30,1.0186743517432428,0.1157325985269784,1.0030229072325445,0.9247893896258252,1.0832128178811344,0.9783907486856646,1.0606010339927294
1.25,4,nearest,arrival_first,schedule_next_after_transition,30,1.0186743517432428,0.1157325985269784,1.0030229072325445,0.9247893896258252,1.0832128178811344,0.9783907486856646,1.0606010339927294
1.25,4,nearest,departure_first,preload_all,30,1.0186411076134434,0.11579132246915476,1.0034913546102735,0.9258630885736362,1.0850422048762232,0.9781918191166473,1.060620775291461
1.25,4,nearest,departure_first,schedule_next_after_transition,30,1.0186411076134434,0.11579132246915476,1.0034913546102735,0.9258630885736362,1.0850422048762232,0.9781918191166473,1.060620775291461
1.25,8,ceiling,arrival_first,preload_all,30,1.0148300099869942,0.10517579597275103,1.0313652888750555,0.9351323392541028,1.0890156901279395,0.9783548527469319,1.051006964113287
1.25,8,ceiling,arrival_first,schedule_next_after_transition,30,1.0148300099869942,0.10517579597275103,1.0313652888750555,0.9351323392541028,1.0890156901279395,0.9783548527469319,1.051006964113287
1.25,8,ceiling,departure_first,preload_all,30,1.0152782005157361,0.10544963866975143,1.0344819668158407,0.9356847222408672,1.0888641294734964,0.9788106259162223,1.0515760971584194
1.25,8,ceiling,departure_first,schedule_next_after_transition,30,1.0152782005157361,0.10544963866975143,1.0344819668158407,0.9356847222408672,1.0888641294734964,0.9788106259162223,1.0515760971584194
1.25,8,floor,arrival_first,preload_all,30,1.0075872855172237,0.08015061391804502,1.0111063295625047,0.9420901476902112,1.047852117039719,0.9797503546919424,1.0357391767012283
1.25,8,floor,arrival_first,schedule_next_after_transition,30,1.0075872855172237,0.08015061391804502,1.0111063295625047,0.9420901476902112,1.047852117039719,0.9797503546919424,1.0357391767012283
1.25,8,floor,departure_first,preload_all,30,1.007283258440663,0.07995934760522246,1.009718862587477,0.9426588559632525,1.0470739631641366,0.9794430728925672,1.0354345183207385
1.25,8,floor,departure_first,schedule_next_after_transition,30,1.007283258440663,0.07995934760522246,1.009718862587477,0.9426588559632525,1.0470739631641366,0.9794430728925672,1.0354345183207385
1.25,8,nearest,arrival_first,preload_all,30,0.9776144117657452,0.10974773809696999,0.97199021209767,0.8975087884928126,1.0209318667504945,0.9397559065558578,1.0177186668437719
1.25,8,nearest,arrival_first,schedule_next_after_transition,30,0.9776144117657452,0.10974773809696999,0.97199021209767,0.8975087884928126,1.0209318667504945,0.9397559065558578,1.0177186668437719
1.25,8,nearest,departure_first,preload_all,30,0.9777081178260036,0.10923746984602982,0.9700070049970204,0.8984803419041542,1.019756276796837,0.9400832522947775,1.0177038936730596
1.25,8,nearest,departure_first,schedule_next_after_transition,30,0.9777081178260036,0.10923746984602982,0.9700070049970204,0.8984803419041542,1.019756276796837,0.9400832522947775,1.0177038936730596
1.25,16,ceiling,arrival_first,preload_all,30,0.9979725241387584,0.1044923524042321,0.9907640773678001,0.9425207942743136,1.0467860697192364,0.9613837281264834,1.0347436550741835
1.25,16,ceiling,arrival_first,schedule_next_after_transition,30,0.9979725241387584,0.1044923524042321,0.9907640773678001,0.9425207942743136,1.0467860697192364,0.9613837281264834,1.0347436550741835
1.25,16,ceiling,departure_first,preload_all,30,1.0000339455859721,0.10276783437306544,0.9973263860778293,0.9370770501611915,1.0513808404579124,0.9642665683510198,1.0362714081623114
1.25,16,ceiling,departure_first,schedule_next_after_transition,30,1.0000339455859721,0.10276783437306544,0.9973263860778293,0.9370770501611915,1.0513808404579124,0.9642665683510198,1.0362714081623114
1.25,16,floor,arrival_first,preload_all,30,0.9707436160548518,0.08570164613103468,0.9761331011653849,0.9315656249308804,1.0260047689752108,0.9414526777906477,1.0011395780029673
1.25,16,floor,arrival_first,schedule_next_after_transition,30,0.9707436160548518,0.08570164613103468,0.9761331011653849,0.9315656249308804,1.0260047689752108,0.9414526777906477,1.0011395780029673
1.25,16,floor,departure_first,preload_all,30,0.9694862603788049,0.08587650804011966,0.97384351511982,0.9251642547944192,1.0214678890170548,0.9399410050815779,1.0000961722817303
1.25,16,floor,departure_first,schedule_next_after_transition,30,0.9694862603788049,0.08587650804011966,0.97384351511982,0.9251642547944192,1.0214678890170548,0.9399410050815779,1.0000961722817303
1.25,16,nearest,arrival_first,preload_all,30,0.965828769287451,0.09286899238419205,0.9750073453146486,0.8957854098746509,1.0036175923783328,0.9341052867351253,0.9985171253545843
1.25,16,nearest,arrival_first,schedule_next_after_transition,30,0.965828769287451,0.09286899238419205,0.9750073453146486,0.8957854098746509,1.0036175923783328,0.9341052867351253,0.9985171253545843
1.25,16,nearest,departure_first,preload_all,30,0.9649317228377627,0.09459572306832878,0.9747085440355547,0.8991010152238383,1.0070705997605895,0.9326448802820455,0.9983909103881761
1.25,16,nearest,departure_first,schedule_next_after_transition,30,0.9649317228377627,0.09459572306832878,0.9747085440355547,0.8991010152238383,1.0070705997605895,0.9326448802820455,0.9983909103881761
