path,sha256
tables/af_df_gaps.csv,19036edf58ee6a2b305b9530de0ddbcd9dbbecb7c1897394e1f429f5bf158419
tables/af_df_gaps.md,88eb8ab75de2b0fee9f7f05b9f8b90978f5a3661926d854056662f8b40bb7e78
tables/analysis_validation.csv,d283f47e8544e344d3669c68cac83a01a2828254ab02284f158f1fbed2a00172
tables/analysis_validation.md,ebe3d226e7013a5b7ef9e5d12fde43761b75cf2d56ce4aab9e3abfba71bce9ac
tables/architecture_robustness_comparison.csv,dab0c680cfa56b7952beb77df9b6a005e76a98ed9de99e312cdd358574e54b60
tables/architecture_robustness_comparison.md,aef4132d6587a28ae104eb38f247a478fb28707caa0585d188c3fb5955958dd5
tables/collision_scaling_summary.csv,255756c0ef0398db7276f8e7983fc36dc49826391cdd157118121918ea8e2735
tables/collision_scaling_summary.md,6e749e45e482f8b1172a3963bbf1aac391bf961b57846d29fb52da1eb63a94dd
tables/collision_scaling_workload_slopes.csv,3ae3bbeeafb1dfd7517ebc0c857389a38afd5d0473c1ac6a00b2b4d5f097aa31
tables/collision_scaling_workload_slopes.md,8271785199a76ffb24e6ddc12cf39b89e10b4143e56d23b2c188712d4a000d93
tables/decomposition.csv,19036edf58ee6a2b305b9530de0ddbcd9dbbecb7c1897394e1f429f5bf158419
tables/decomposition.md,88eb8ab75de2b0fee9f7f05b9f8b90978f5a3661926d854056662f8b40bb7e78
tables/insertion_equivalence.csv,a56c487ce94fbc53a115d5faa90d83d5f685b1dc16d993a4b7c4c1279f481287
tables/insertion_equivalence.md,6aec59eb7ca1258f6a2d119291dedb84871a3bb1f815de0822bdfaebafcd3b35
tables/legacy_limitations.csv,6d202aad4eea6fa740f98df03ffd188271cd2ed8844726cc3989db86b426039d
tables/legacy_limitations.md,b05e14bdaafe4155a519f213a54a1ef80159114d216028aa4961c52944ddefe4
tables/parameter_grid.csv,4f94d2dc525be87ee29b862409fde6233bd8291cc1a18a018e08d7e739c6f326
tables/parameter_grid.md,4ca9d786a79be8028ad232cdfb15be18b55db340b2abc46981023869bea0afe4
tables/predictor_configurations.csv,ebb0654147fe9a154d936f41d8d6defe6c6ee4eaa865b5caf9136f02cb032ba0
tables/predictor_configurations.md,206d817f4cb83e9f33378242c63011d26dd0d1bd5138b07a16612bf915ae90d5
tables/predictor_models.csv,f6140a275907a9ae1b15b3049b31c445cdbe3853a1a6e39a1adc8c6ceeea599b
tables/predictor_models.md,ca0141e0bdb6dac29767946849754a843d20402053a735c50345efad8dd88a88
tables/quantizer_bias.csv,94b41173be32eacfd124674fc147f976951c5c3d89ebd3a30d28be97641bbb70
tables/quantizer_bias.md,4c63a78ab204bf5076df66177d516b346d25d8b4a5ff9753df7096d625adaa72
tables/random_order_scope.csv,68c314fbd0810c77fc346ab5f89c6a91680502fc286a6cc16d45bc4c63f6b5d9
tables/random_order_scope.md,9fe426b63d08fe5b7fa59b4bf5dc6b0399acb60cd46432c8f08a2a05a8aedcda
tables/ranked_sensitivity_bias.csv,98a5c7d363d4c5b34e65bc76e907aa3a5cb859e6aff594b3cf89f26a47e3fafe
tables/ranked_sensitivity_bias.md,b1cdac58ca26b354291a0ccf97da9250f7d8c03ec455732a12ef3396d183c47e
tables/robustness_collision_scaling_summary.csv,5adf48b9de4338830eb9a1371f42233ed3489987113a914b5e3ac8f05c22c9af
tables/robustness_collision_scaling_summary.md,55692701333601f5fce3e782152eeb968c87a38babc3d586f758fe33a65d6bd4
tables/robustness_collision_scaling_workload_slopes.csv,b40eaae930a925725d57695c1e1d20d2449d8cea14cc12bb708fc1875babf63f
tables/robustness_collision_scaling_workload_slopes.md,e792bcb5e2cb0ef24371010e4bdee7a6855c47f869609a6d99c43d751bdd5b0f
tables/robustness_predictor_configurations.csv,05521be6442994ce89a8302a190a9f3516591fba215800b525c5934467063b43
tables/robustness_predictor_configurations.md,157115f51932846ea8c559407c8fdbb236122dafbf227c7187ccc01ac0e7eb00
tables/robustness_predictor_models.csv,688aaaa87c15d182a95ed808678457ce13249ccbd3c3217ed149b8c950779e79
tables/robustness_predictor_models.md,12c927adcfada67f61858d362eda5d9cc56827116630aa40f4c1c34a4a508343
tables/runtime_reproducibility.csv,6486acb705cf6669a601f0fb745e12e275379b0a4b2671b4fa248cea8e4f4fff
tables/runtime_reproducibility.md,324f8e62118de52944bd594b4c17ac1eebc2904cd421939f372edccc7bde2443
tables/theory_validation.csv,78e1bbed165176014acfd056d510be089bc3e7f9b21efa5563919087c94a7678
tables/theory_validation.md,092192d5d509971c4e68cd3482cab09fd28d0b7f1d26e66034566292daefa294
figures/bias_vs_ordering_en.pdf,d97873de0ad66877abb677be52bd9fc83a0b9b681a7de74de1bc042f67ea2b66
figures/bias_vs_ordering_en.png,ef9b87c206530bf5949b4310681483cc22a6d3e8765faeacd604a60c8ab5d09c
figures/bias_vs_ordering_en.svg,61238e440e8df221c6ba7d619f03236c0477a02cab2f1d1b5c04e49b52bd68d9
figures/bias_vs_ordering_ru.pdf,01d7bb5a65505c76aef08880bb14852c38d9b404cd2bef7fb170f2bf1e8bb6da
figures/bias_vs_ordering_ru.png,a12b2bae40b1f405a5d6e11fb770bc588150332fe2dedc4ca91c95653386c151
figures/bias_vs_ordering_ru.svg,26f10949bb7b51187b848c913da573602f7ebad9a9dfad96d0d0b21cd9df27d4
figures/collision_scaling_en.pdf,bdfd0cc539256070c27f81536a935ff86b0e4b5fe15bdc3adaa0817d73f5a65f
figures/collision_scaling_en.png,ae18f1a28934730125f9b7bfd51359b4c4242ffa854c85dc2526c067caa7c443
figures/collision_scaling_en.svg,9deae8ca44cff05f47b1945e5708384071fac6d0d39cf77725e741ca9d9aa246
figures/collision_scaling_ru.pdf,371d6ecfb5ca546b00219ad1fc08d3271bf41e8c31eb7d0969b5112ed12b2205
figures/collision_scaling_ru.png,ea56e69e7d179a54ee931fbe8284b2694ae607dce7b7dfcbf252c8e60d1bf4f0
figures/collision_scaling_ru.svg,11603dd58078642eb3650dbbb9e43c3b359cac2bcfd30bf111347654612d57c2
figures/critical_predictor_en.pdf,90637a4c76d6d38113188f69c4a24793f32ec1d1a2d36511e6edddb1946c09a9
figures/critical_predictor_en.png,cfdd5876b8b25c323d82a2ec298e4956927948361642207585e8fb9d427f6c18
figures/critical_predictor_en.svg,3bf19131e9337e823b0504c2b8fe1fa87e1197690dc3ed4486e452801a57aea6
figures/critical_predictor_ru.pdf,e85f638035a0f14062e458dde5846611d846661ff8d52fdff53ec56db64ea145
figures/critical_predictor_ru.png,00756bc490d4d2414cf56051a55b814998711b653ca42b0d886ec264a128f788
figures/critical_predictor_ru.svg,e9f7f55c7f94824e9792f4952b8f96260ef5f043d164726b3213624fff1db8b7
figures/insertion_architecture_en.pdf,d7614779fbb756ad9606d52d9ccaf88eb7f899a85957fb60ad8bb9df467fa1c3
figures/insertion_architecture_en.png,32fc4ff6e68058989089b29d57c83f2f1c3566f802d6d6a8c8356d1d10e9d6f0
figures/insertion_architecture_en.svg,b82e8bb9f7b2099d49ef64df4aff59856b5c8797626b67adb15889f11eb4b9bf
figures/insertion_architecture_ru.pdf,ba7d3c259ad93337117480ee93accd2edf41143c4104ac63194a8db634fcf533
figures/insertion_architecture_ru.png,7a0d10a95c068d81a67d54ba6eae9999ac87fe7ad4be8e415f20fba587d1a793
figures/insertion_architecture_ru.svg,faf5c77b1fdd472fe4e283459404eabb8baa330d6d9c99b73080e51e94c4a744
figures/manifest.csv,77aafb05aa44ba2a7053a173baecc9a3e5e77347576d4b50fc98f19c75485e82
figures/robustness_critical_predictor_en.pdf,19dc634f55ff53b32278c46650a9fe2b18b3f6be7233531c965f9400cd01351d
figures/robustness_critical_predictor_en.png,3c68c26c9d26bc7521a05717f9f2a4cb4974bef41d6cb51d20dc88d0052d5cf8
figures/robustness_critical_predictor_en.svg,e3234f97bf851353d23be6b13da45b84821108b0834404c45fd5f2678d95fc8d
figures/robustness_critical_predictor_ru.pdf,025e3458fe2337ab06f85f01d2952475c2f5359c3520ab498401c847c295052c
figures/robustness_critical_predictor_ru.png,3137ecd493ad8f4f1ea870e250ea2e63da5e432a794d8d029ed9f4cc07b97912
figures/robustness_critical_predictor_ru.svg,aab2c2116c6bab600632b6cfd5bad5d9a9798ea906e382afebd353266d638769
figures/sensitivity_heatmap_en.pdf,3ab0c39dad52ae9fd0a0cce5e301da87b2f0d150d206a1d4e960bb4d9109f15d
figures/sensitivity_heatmap_en.png,a89e1c90e2d46d4cb22919aca4b2035621f9d9376ddd9cc70b8aa66706d92015
figures/sensitivity_heatmap_en.svg,af1a7e6e79eb608b3eb98923c57a3fcdc856acdfaaaa394383ac263b1d9608b1
figures/sensitivity_heatmap_ru.pdf,0ec09a77f7b17373ca1f42b8f27a2aa8e46a6c6cae273df75091e9d821ab03d3
figures/sensitivity_heatmap_ru.png,ffb9fef28282353408f45fd8ca346fe7adb4d3169768ed80e98b32a9c8ebf898
figures/sensitivity_heatmap_ru.svg,2016d78551a7c908a3730ba0388bf009fd5a7590de0fa45504b379f74349d3e5
report/findings.json,b1e2271a75cc7f61a7396b5fe93bf40f700c77e39fa3238eaebcad26e353713b
report/findings.md,398a6499cd7a063c7cb325316818bfbd9129f5d7eae0fac58643154e3d6fbace
report/limitations.md,7a57ccfe86bfc81181b7358c59a6b351847d278369ec6f9bf0dede87e7d03bbf
report/methodology.md,eddaa3ef1cddf38ea3d2a60fd04f17d6ab2cfe02e7f0bcb6c57649a4e2721f8a
report/summary.md,d9abddecae66ee4d7dffe7176d3c21f7407a7ee14f928fb6c3f0a4860508f757
report/validation.md,16e8e98e60e3bfbd46b2053b812434e81c6f7a744a96d5a8118856d21908e735
