rho,capacity,quantizer,arrival_scheduling_mode,n_workloads,mean_slope,sd_slope,median_slope,q25_slope,q75_slope,iqr_slope,bootstrap_ci95_low,bootstrap_ci95_high,bootstrap_unit,aggregation
0.5,1,ceiling,preload_all,30,1.0207668762639484,0.1867406863864568,1.0002505321387631,0.8773727831717661,1.1398788649436042,0.2625060817718381,0.9567049859120034,1.0878609749783108,workload-design replication,"AF/DF midpoint, then one slope per workload-design"
0.5,1,floor,preload_all,30,0.9578634087416364,0.11192933131848942,0.9463040340445683,0.8726343798156833,1.0554987350390361,0.18286435522335287,0.9194955568834667,0.9971383034673761,workload-design replication,"AF/DF midpoint, then one slope per workload-design"
0.5,1,nearest,preload_all,30,0.9625874965942516,0.14408642687611553,0.9298572169256683,0.872076141742556,1.0518193429595128,0.17974320121695686,0.9123358761826251,1.0159073561012693,workload-design replication,"AF/DF midpoint, then one slope per workload-design"
0.5,4,ceiling,preload_all,30,0.9830587261997362,0.16042968396531757,0.9702611837620236,0.8619732053453592,1.0308863684219147,0.16891316307655557,0.9293520158204926,1.0416355402163004,workload-design replication,"AF/DF midpoint, then one slope per workload-design"
0.5,4,floor,preload_all,30,0.9908153705632098,0.10375916577934025,0.9796682303127779,0.9169414291270501,1.0606970834654899,0.14375565433843973,0.9550776387525518,1.027138368963448,workload-design replication,"AF/DF midpoint, then one slope per workload-design"
0.5,4,nearest,preload_all,30,0.9777269255787785,0.14624421857107653,0.9484258137169039,0.8479514325090327,1.0954512826789518,0.24749985016991904,0.9265150828215752,1.0305543959783554,workload-design replication,"AF/DF midpoint, then one slope per workload-design"
0.5,8,ceiling,preload_all,30,0.9657867736225213,0.14764335561346678,0.9510648434280728,0.8566350710458606,1.0415266514700008,0.18489158042414022,0.9149337434919366,1.0187818874567605,workload-design replication,"AF/DF midpoint, then one slope per workload-design"
0.5,8,floor,preload_all,30,0.9834906079353066,0.09106605247202453,0.9705865167684136,0.9203900658460196,1.0496081105562387,0.12921804471021914,0.951402589398974,1.0162164879930715,workload-design replication,"AF/DF midpoint, then one slope per workload-design"
0.5,8,nearest,preload_all,30,0.9846996981741576,0.14912706337035508,0.9552550582084511,0.9053386325273838,0.9944763474300287,0.08913771490264488,0.9340894464212366,1.0387215733537143,workload-design replication,"AF/DF midpoint, then one slope per workload-design"
0.5,16,ceiling,preload_all,30,0.941349666978619,0.14960132323390943,0.907132379148198,0.8615102110143067,1.0296330311217625,0.16812282010745583,0.8904324028024005,0.9948300160656487,workload-design replication,"AF/DF midpoint, then one slope per workload-design"
0.5,16,floor,preload_all,30,0.971510590588121,0.08861734718124253,0.9837138855366787,0.9214749364002137,1.0296524281295303,0.10817749172931657,0.9399749506471659,1.0024560183042814,workload-design replication,"AF/DF midpoint, then one slope per workload-design"
0.5,16,nearest,preload_all,30,0.9517145809927519,0.0895584236434306,0.9293018728153741,0.9070489668110182,0.9802314743786238,0.07318250756760558,0.9218095185644216,0.9846378112640564,workload-design replication,"AF/DF midpoint, then one slope per workload-design"
0.8,1,ceiling,preload_all,30,0.9870368260113707,0.12895306122267566,0.9741821271814413,0.8717302450770733,1.0888424311907472,0.2171121861136739,0.9414354099455013,1.0326293594445777,workload-design replication,"AF/DF midpoint, then one slope per workload-design"
0.8,1,floor,preload_all,30,0.996993968417187,0.1399950292338385,0.9718897219220926,0.939280829422064,1.0453104166045228,0.1060295871824588,0.9489640394449833,1.0472850581565427,workload-design replication,"AF/DF midpoint, then one slope per workload-design"
0.8,1,nearest,preload_all,30,1.0040360596193758,0.12476612770893762,0.9997961020106452,0.9031508992856859,1.0979957228492445,0.1948448235635586,0.9605218989732551,1.0475195615913864,workload-design replication,"AF/DF midpoint, then one slope per workload-design"
0.8,4,ceiling,preload_all,30,0.9569821463933387,0.12303702403410216,0.9610248797345015,0.8540195386597949,1.0781624143335211,0.22414287567372626,0.9136015668464508,1.0005906423461968,workload-design replication,"AF/DF midpoint, then one slope per workload-design"
0.8,4,floor,preload_all,30,0.9991655188305176,0.09240935239380628,0.998049706020594,0.9345407992057576,1.044108397510315,0.10956759830455731,0.9674017639356624,1.0320308089299248,workload-design replication,"AF/DF midpoint, then one slope per workload-design"
0.8,4,nearest,preload_all,30,0.9890435690643236,0.1198417109019443,0.9617683763384581,0.9134102931975318,1.0764770353618627,0.16306674216433092,0.9474255644705784,1.0328193657547189,workload-design replication,"AF/DF midpoint, then one slope per workload-design"
0.8,8,ceiling,preload_all,30,0.9685548704922022,0.1127357171729892,0.9559757873118475,0.8788806270315757,1.058768112039573,0.17988748500799745,0.9292290451441031,1.00879741429876,workload-design replication,"AF/DF midpoint, then one slope per workload-design"
0.8,8,floor,preload_all,30,0.9779893806673392,0.0939864610561769,0.9870835446652362,0.9045527570016612,1.0231008032543072,0.11854804625264603,0.9463991072670535,1.0109864049160344,workload-design replication,"AF/DF midpoint, then one slope per workload-design"
0.8,8,nearest,preload_all,30,0.9707668853880355,0.11808273382679216,0.9623667196420211,0.8996412689297706,1.011974013806579,0.11233274487680833,0.9302041093744519,1.0131612364115563,workload-design replication,"AF/DF midpoint, then one slope per workload-design"
0.8,16,ceiling,preload_all,30,0.9444497292895292,0.12419924625855223,0.9222409058589516,0.8487484500834738,1.0142791708047405,0.16553072072126673,0.9018833111322987,0.9902314336113671,workload-design replication,"AF/DF midpoint, then one slope per workload-design"
0.8,16,floor,preload_all,30,0.9758872008213466,0.08432029773727791,0.9925261794727117,0.9126729268803765,1.0324092652272885,0.119736338346912,0.946455842298334,1.005140653559818,workload-design replication,"AF/DF midpoint, then one slope per workload-design"
0.8,16,nearest,preload_all,30,0.9876706427202986,0.09455094088506232,0.9803288225987237,0.9327358238742101,1.0543482801040183,0.12161245622980821,0.9552559458807944,1.0223504889695607,workload-design replication,"AF/DF midpoint, then one slope per workload-design"
0.95,1,ceiling,preload_all,30,0.9507739050636069,0.14933503214721455,0.9173566086640459,0.8591263123308306,1.0610925135011209,0.2019662011702903,0.9008847856785384,1.004871711602993,workload-design replication,"AF/DF midpoint, then one slope per workload-design"
0.95,1,floor,preload_all,30,0.984567628665409,0.1275803569939913,0.9775534320297516,0.8723297349528722,1.0386083886134179,0.16627865366054562,0.9399649901618485,1.0287173962165939,workload-design replication,"AF/DF midpoint, then one slope per workload-design"
0.95,1,nearest,preload_all,30,1.0022947480187674,0.1553748062403204,0.9812256053784895,0.920963745159165,1.0911944316350712,0.17023068647590622,0.950959826216954,1.0594429879989233,workload-design replication,"AF/DF midpoint, then one slope per workload-design"
0.95,4,ceiling,preload_all,30,0.9199209628524303,0.08521164369267803,0.9143104674614279,0.875525566253806,0.9718889121177285,0.09636334586392259,0.8910779448509208,0.9508307861766582,workload-design replication,"AF/DF midpoint, then one slope per workload-design"
0.95,4,floor,preload_all,30,0.9992990190940919,0.11449584900623963,0.9781826573355759,0.9121578629899715,1.0409013345343312,0.12874347154435972,0.9603107868124258,1.0407885346172723,workload-design replication,"AF/DF midpoint, then one slope per workload-design"
0.95,4,nearest,preload_all,30,1.0220078456267128,0.12759847428414228,1.0232976398420732,0.9451703429593636,1.1365585366373088,0.19138819367794513,0.9761019480896252,1.065509675975987,workload-design replication,"AF/DF midpoint, then one slope per workload-design"
0.95,8,ceiling,preload_all,30,0.9644871550306854,0.08461382091779945,0.9618302149498688,0.9259259052518488,1.003850433148605,0.07792452789675608,0.934300778373635,0.9936172151939603,workload-design replication,"AF/DF midpoint, then one slope per workload-design"
0.95,8,floor,preload_all,30,1.002803546851617,0.08970019271873307,1.0008037797562783,0.9277335497726864,1.05484433451012,0.12711078473743354,0.9714865190861726,1.0356022143944559,workload-design replication,"AF/DF midpoint, then one slope per workload-design"
0.95,8,nearest,preload_all,30,0.9906692553054991,0.10474185214881705,0.9868989950639693,0.9365114766615608,1.0532313485092537,0.11671987184769295,0.9549858000700355,1.0291785383477616,workload-design replication,"AF/DF midpoint, then one slope per workload-design"
0.95,16,ceiling,preload_all,30,0.9664102588747079,0.10412213760430016,0.9608556309557231,0.8948199082481699,1.0023109627356843,0.10749105448751439,0.9314321619830893,1.0053127259093253,workload-design replication,"AF/DF midpoint, then one slope per workload-design"
0.95,16,floor,preload_all,30,0.9837391680006603,0.11619370877727063,0.9980622775341192,0.9018280114776909,1.0598900905104556,0.1580620790327647,0.9438898051087337,1.0253666476868175,workload-design replication,"AF/DF midpoint, then one slope per workload-design"
0.95,16,nearest,preload_all,30,0.9954011103560582,0.12205836795609945,0.9787290000193695,0.9196528745853995,1.085920402095487,0.16626752751008744,0.9525193862068673,1.0386370498216249,workload-design replication,"AF/DF midpoint, then one slope per workload-design"
1.0,1,ceiling,preload_all,30,0.968097339608501,0.12915524733259384,0.932076288527441,0.8892449288238995,1.0642856310870146,0.17504070226311508,0.9240349780750431,1.0141453232829025,workload-design replication,"AF/DF midpoint, then one slope per workload-design"
1.0,1,floor,preload_all,30,0.967575493597802,0.11629715587933895,0.9562043424871892,0.9262230198989515,1.0187070137929815,0.09248399389402995,0.9272974769184287,1.0082889182280832,workload-design replication,"AF/DF midpoint, then one slope per workload-design"
1.0,1,nearest,preload_all,30,0.9718149938611965,0.11242243522960657,0.9630272134578297,0.9146507109041753,1.0355945885049926,0.12094387760081737,0.9315970170012077,1.0124331728843456,workload-design replication,"AF/DF midpoint, then one slope per workload-design"
1.0,4,ceiling,preload_all,30,0.9465825760448932,0.10031131434698115,0.9250527794025777,0.8939733530211087,0.9952161511473259,0.10124279812621717,0.9122155750591222,0.9832209319696038,workload-design replication,"AF/DF midpoint, then one slope per workload-design"
1.0,4,floor,preload_all,30,0.9747436902095584,0.09447421775075229,0.9912363154550212,0.9182454633947176,1.022826370089018,0.10458090669430053,0.9415860377775431,1.0087338728249335,workload-design replication,"AF/DF midpoint, then one slope per workload-design"
1.0,4,nearest,preload_all,30,0.9646874178660294,0.10094582761403224,0.9746448469450874,0.8865194178032596,1.0060667871332705,0.11954736933001087,0.928766288767456,1.0006147479160286,workload-design replication,"AF/DF midpoint, then one slope per workload-design"
1.0,8,ceiling,preload_all,30,0.9642228881163499,0.10365703161733911,0.9428321550611068,0.9002939622063452,0.9970555986724465,0.09676163646610136,0.9292412278464605,1.0014559671008345,workload-design replication,"AF/DF midpoint, then one slope per workload-design"
1.0,8,floor,preload_all,30,1.013026183592513,0.09837511159007853,1.0211607717558318,0.9572468499865947,1.0706670169550978,0.1134201669685031,0.977761594673597,1.0466884056149348,workload-design replication,"AF/DF midpoint, then one slope per workload-design"
1.0,8,nearest,preload_all,30,0.9883980219950904,0.09635009398508051,0.982720545802323,0.9416049588405915,1.0182302897562003,0.07662533091560886,0.9552676229048247,1.0230598135438538,workload-design replication,"AF/DF midpoint, then one slope per workload-design"
1.0,16,ceiling,preload_all,30,0.9262396930868589,0.11141412896255294,0.9323792211131344,0.8498334126279323,0.9874767152241933,0.137643302596261,0.8877060095335398,0.9665273900354009,workload-design replication,"AF/DF midpoint, then one slope per workload-design"
1.0,16,floor,preload_all,30,0.962869786867454,0.10700488425004191,0.9628676353275201,0.8765276425845235,1.0330660541744607,0.1565384115899372,0.9259782210031835,1.0009344998380245,workload-design replication,"AF/DF midpoint, then one slope per workload-design"
1.0,16,nearest,preload_all,30,0.9778913944437634,0.10156010632528505,0.9800637320269066,0.9130796757087754,1.0419781459680215,0.12889847025924617,0.9426828701327561,1.0130882357773288,workload-design replication,"AF/DF midpoint, then one slope per workload-design"
1.1,1,ceiling,preload_all,30,0.9928814184198463,0.13081188105806385,0.9886677922469671,0.9102647506201793,1.0836710724610497,0.17340632184087035,0.9470378243228258,1.039265323343027,workload-design replication,"AF/DF midpoint, then one slope per workload-design"
1.1,1,floor,preload_all,30,0.9791063264752428,0.12636200743886897,0.9898235119176875,0.8775914027491927,1.0401925546726187,0.16260115192342606,0.9363572400901584,1.0249435709706547,workload-design replication,"AF/DF midpoint, then one slope per workload-design"
1.1,1,nearest,preload_all,30,0.9942539032283145,0.12454059254278317,0.9801155124560723,0.9319369283168554,1.04409852777217,0.11216159945531456,0.9527808056067162,1.0388471891344286,workload-design replication,"AF/DF midpoint, then one slope per workload-design"
1.1,4,ceiling,preload_all,30,0.9870896251885556,0.10282835616770147,0.9571402265539848,0.9156917455124569,1.0869666635061224,0.17127491799366545,0.9519956873821651,1.0242561949702766,workload-design replication,"AF/DF midpoint, then one slope per workload-design"
1.1,4,floor,preload_all,30,1.0073802355376436,0.10053136411717756,1.0010877767828903,0.9315399464239009,1.068022139201658,0.13648219277775708,0.9728090407426013,1.0430218720915907,workload-design replication,"AF/DF midpoint, then one slope per workload-design"
1.1,4,nearest,preload_all,30,0.9751812704429537,0.11697182857382665,0.9710000511347933,0.9214981665526236,1.0522929077137717,0.1307947411611481,0.9338897601732878,1.0170701620288771,workload-design replication,"AF/DF midpoint, then one slope per workload-design"
1.1,8,ceiling,preload_all,30,0.9518859645862443,0.10620672308190798,0.9526762980533818,0.8716320447573305,1.0228428641225578,0.1512108193652273,0.9143559248917782,0.9897577668030095,workload-design replication,"AF/DF midpoint, then one slope per workload-design"
1.1,8,floor,preload_all,30,0.9742283017784135,0.0705346092590475,0.9789577056015746,0.9232601313518293,1.018184856806122,0.09492472545429276,0.9491427440188087,0.999549615996349,workload-design replication,"AF/DF midpoint, then one slope per workload-design"
1.1,8,nearest,preload_all,30,0.979924246696644,0.09404208804230434,0.9756934018691458,0.9094786705927022,1.0134354301048558,0.10395675951215366,0.9481846249549224,1.0138739724344943,workload-design replication,"AF/DF midpoint, then one slope per workload-design"
1.1,16,ceiling,preload_all,30,0.9453916128630772,0.11092723824703955,0.9361432214441152,0.88108126934762,0.9581737407626185,0.07709247141499853,0.9090541534606487,0.987094551020882,workload-design replication,"AF/DF midpoint, then one slope per workload-design"
1.1,16,floor,preload_all,30,1.0159645115390707,0.11228073420509502,1.0254132678571581,0.9450454485303158,1.0700548968933183,0.12500944836300254,0.9772946301036097,1.0551563280890413,workload-design replication,"AF/DF midpoint, then one slope per workload-design"
1.1,16,nearest,preload_all,30,0.9844736976115313,0.07278096842889417,0.9795218283272018,0.9275485805244026,1.026996352588021,0.09944777206361843,0.9597147190912728,1.0114199577783893,workload-design replication,"AF/DF midpoint, then one slope per workload-design"
1.25,1,ceiling,preload_all,30,0.9756077564501806,0.12877635713504224,0.9668180549075437,0.9024158255095317,1.0649982628388264,0.16258243732929467,0.9309958993960143,1.0208891602236652,workload-design replication,"AF/DF midpoint, then one slope per workload-design"
1.25,1,floor,preload_all,30,0.9650097943674801,0.11566625424740325,0.9875370127112042,0.8890825590204948,1.0350105706960309,0.14592801167553604,0.9236646515014756,1.0054413555849222,workload-design replication,"AF/DF midpoint, then one slope per workload-design"
1.25,1,nearest,preload_all,30,1.0060997910499927,0.13512889085702412,0.999546089806735,0.9152973828495766,1.0962171646585968,0.18091978180902013,0.959900293217517,1.0547330982201049,workload-design replication,"AF/DF midpoint, then one slope per workload-design"
1.25,4,ceiling,preload_all,30,0.9837263822347825,0.10180676899571003,0.9860249305802689,0.9180021776160026,1.0354610753488076,0.11745889773280505,0.9487967973492126,1.020463236195365,workload-design replication,"AF/DF midpoint, then one slope per workload-design"
1.25,4,floor,preload_all,30,1.0308733807738162,0.08628759012235297,1.0208860916107079,0.9789106085861891,1.0889780787012482,0.11006747011505913,1.0008842165752156,1.0608360792139242,workload-design replication,"AF/DF midpoint, then one slope per workload-design"
1.25,4,nearest,preload_all,30,1.01865933125542,0.1157604450620644,1.003335341801215,0.9253275659471696,1.0841293174518147,0.15880175150464515,0.9789876133735074,1.0604080661163764,workload-design replication,"AF/DF midpoint, then one slope per workload-design"
1.25,8,ceiling,preload_all,30,1.0150651870996028,0.10529677438628855,1.0329349948173498,0.9353313567960333,1.0904642373202835,0.15513288052425023,0.9776876371601654,1.0509175929226295,workload-design replication,"AF/DF midpoint, then one slope per workload-design"
1.25,8,floor,preload_all,30,1.0074390017846846,0.08005122769020623,1.0104154455177863,0.9421766282320412,1.0474643263533499,0.10528769812130867,0.979663743580419,1.0355803030478783,workload-design replication,"AF/DF midpoint, then one slope per workload-design"
1.25,8,nearest,preload_all,30,0.977666787691849,0.10948717287929031,0.9710124594187433,0.8979962121137123,1.0203462087802753,0.12234999666656299,0.9406124884911409,1.0170268126083988,workload-design replication,"AF/DF midpoint, then one slope per workload-design"
1.25,16,ceiling,preload_all,30,0.9989012744795979,0.10356177272889158,0.9928518185632984,0.9400660463400128,1.0489143512902228,0.10884830495021003,0.9624810713228297,1.035862133117927,workload-design replication,"AF/DF midpoint, then one slope per workload-design"
1.25,16,floor,preload_all,30,0.9701496129734388,0.08572272860841235,0.9752359569131381,0.9283938710589991,1.0237297359796322,0.09533586492063317,0.9408935001073228,1.0020758184502778,workload-design replication,"AF/DF midpoint, then one slope per workload-design"
1.25,16,nearest,preload_all,30,0.9652945964043588,0.09347457218242294,0.9741053776983386,0.8974070343627667,1.0046453743577475,0.10723833999498078,0.9333234847053439,0.9984603684579992,workload-design replication,"AF/DF midpoint, then one slope per workload-design"
